[
    { "name": "user1", "salary": 1000, "position": "dev", "department": "dep1"},
    { "name": "user2", "salary": 1000, "position": "acc", "department": "dep1"},
    { "name": "user3", "salary": 2000, "position": "dev", "department": "dep1"},
    { "name": "user4", "salary": 1000, "position": "man", "department": "dep2"},
    { "name": "user5", "salary": 3000, "position": "dev", "department": "dep2"},
    { "name": "user6", "salary": 3000, "position": "dev", "department": "dep3"},
    { "name": "user7", "salary": 1000, "position": "acc", "department": "dep4"},
    { "name": "user8", "salary": 1500, "position": "qa", "department": "dep4"},
    { "name": "user9", "salary": 1000, "position": "qa", "department": "dep4"},
    { "name": "user10", "salary": 4500, "position": "dev", "department": "dep10"},
    { "name": "user11", "salary": 1500, "position": "dev", "department": "dep10"},
    { "name": "user12", "salary": 1060, "position": "dev", "department": "dep10"}
    
]

